제조사,정규화제품키,원본품목번호,분류후보,원본품목명,검토상태
광동제약,광동옥수수수염차,10043|80068,음료 > 과채음료 > 과일음료|음료 > 차음료 > 일반차음료,광동)옥수수수염차500ML|광동옥수수수염차1.5L,pending
광동제약,광동탐라는제주감귤,80065|90022,음료 > 과채음료 > 과일음료|음료 > 커피음료 > 커피음료,광동탐라는제주감귤1.5L|광동탐라는제주감귤500ML,pending
광동제약,광동힘찬하루헛개차,10130|50044,음료 > 과채음료 > 과일음료|음료 > 차음료 > 일반차음료,광동힘찬하루헛개차1.5L|광동힘찬하루헛개차500ML,pending
그래미,여명808,20140|65808,음료 > 과채음료 > 어린이음료|음료 > 기능성음료 > 비타민/에너지음료,그래미여명808 140ML|주식회사그래미)여명808(140ML2개입),pending
깃듬,처음먹는아이김스낵,35275|45280,과자 > 스낵 > 쌀과자|과자 > 스낵 > 쌀스낵,깃듬)처음먹는아이김스낵-양파맛20G|깃듬)처음먹는아이김스낵오리지널20G,pending
깨끗한나라,깨끗한나라라인프렌즈물티슈,45511|45654,생활용품 > 위생용품 > 티슈|홈클린 > 화장지 > 물티슈,깨끗한나라)깨끗한나라라인프렌즈물티슈|깨끗한나라)깨끗한나라라인프렌즈물티슈58G,pending
꽃샘식품,꽃샘별난알맹이,15018|35018,커피차 > 분말차 > 아이스티|커피차 > 액상차 > 기타,꽃샘 별난알맹이레몬 500G|꽃샘 별난알맹이자몽 500G,pending
남양유업,남양채움오렌지,15123|35209,음료 > 과채음료 > 과일음료|음료 > 우유 > 가공우유,남양 채움오렌지 730ML|남양)채움오렌지210ML,pending
남양유업,채움포도,25186|35206,음료 > 과채음료 > 과일음료|음료 > 커피음료 > 커피음료,남양유업)채움포도210ML|남양유업)채움포도730ML,pending
니베아,익스프레스바디로션,50227|55140,생활용품 > 기타 > 기타|이/미용 > 위생용품 > 바디보습,니베아익스프레스바디로션,pending
다인인터내셔널,게리크래커,25673|55690,과자 > 비스킷 > 샌드|과자 > 비스킷 > 크래커,다인인터내셔널 게리초코크래커 110G|다인인터내셔널게리치즈크래커,pending
대웅생명과학,글램디4킬로칼로리곤약워터젤리복숭아맛,15954|55930,상온HMR > 과채음료 > 파우치음료|음료 > 기능성음료 > 기타기능성음료,대웅생명과학 글램디4킬로칼로리곤약워터젤리복숭아맛150G|대웅생명과학)글램디4킬로칼로리곤약워터젤리복숭아맛,pending
델몬트,망고드링크,55685|55717,음료 > 전통주 > 일본술|음료 > 탄산음료 > 콜라,델몬트망고드링크(1개)|델몬트망고드링크(4개),pending
델몬트,토마토,20152|80058,음료 > 차음료 > 전통차음료|음료 > 커피음료 > 커피음료,델몬트)토마토180ML|델몬트토마토1.5L,pending
동서식품,동서보리차,35011|60138|60171,음료 > 기능성음료 > 숙취해소음료|커피차 > 분말차 > 보리차,동서 보리차 500ML|동서)보리차150G|동서)보리차300G,pending
동서식품,동서스타벅스파이크플레이스로스트블랙커피,15339|25333,음료 > 커피음료 > 커피음료|커피차 > 액상차 > 커피,동서 스타벅스 파이크 플레이스로스트 스위트블랙커피 275ML|동서 스타벅스 파이크플레이스로스트블랙커피 200ML,pending
동서음료,레드불에너지드링크,45733|45737,음료 > 기능성음료 > 비타민/에너지음료|음료 > 커피음료 > 커피음료,동서음료)레드불에너지드링크,pending
동아오츠카,동아데미소다애플,70080|90020,음료 > 과채음료 > 과일음료|음료 > 커피음료 > 커피음료,동아데미소다애플1.5L|동아데미소다애플250ML,pending
동아오츠카,동아포카리스웨트,10037|30055|70040,음료 > 기능성음료 > 스포츠음료|음료 > 탄산수 > 플레인탄산수|음료 > 탄산음료 > 사이다,동아포카리스웨트1.8L|동아포카리스웨트500ML|동아포카리스웨트620ML,pending
동아제약,가그린,10106|80140,의약외품 > 구강용품 > 구강청정제|의약외품 > 구강용품 > 치약,동아제약)가그린오리지널250ml|동아제약)가그린오리지널380ML,pending
동아제약,가그린제로,10096|15236,생활용품 > 위생용품 > 구강용품|의약외품 > 기능성음료 > 숙취해소음료,동아제약)가그린제로100ML|동아제약가그린제로,pending
동원F&B,동원리챔,10171|10172|45217|65814,통조림/안주 > 통조림 > 가미통조림|통조림/안주 > 통조림 > 보일드통조림,동원)리챔오리지날|동원)리챔트러플300G|동원리챔200G|동원리챔오리지날120G,pending
동원F&B,동원샘물,20102|90041,음료 > 생수 > 일반생수|음료 > 탄산음료 > 혼합탄산,동원샘물0.5L|동원샘물2L,pending
동원F&B,동원참치라이트스탠다드,10138|40101,통조림/안주 > 통조림 > 가미통조림|통조림/안주 > 통조림 > 보일드통조림,동원참치라이트스탠다드100G|동원참치라이트스탠다드200G,pending
롯데제과,도리토스나쵸,25197|65266,과자 > 스낵 > 옥수수스낵|소스 > 소스류 > 양념소스,도리토스나쵸치즈맛|롯데제과)도리토스나쵸치즈맛40G,pending
롯데제과,롯데abc쿠키,15033|30093,과자 > 스낵 > 밀가루스낵|과자 > 초콜렛 > 쉘초콜릿,롯데)ABC초코쿠키50G|롯데ABC초코쿠키 152G,pending
롯데제과,롯데치토스스모키,40090|90146,과자 > 스낵 > 옥수수스낵|과자 > 캔디 > 젤리,롯데치토스스모키바베큐맛82G|롯데치토스스모키바베큐맛88G,pending
롯데칠성음료,롯데게토레이,40045|80046,음료 > 과채음료 > 과일음료|음료 > 탄산음료 > 혼합탄산,롯데게토레이240ML|롯데게토레이600ML,pending
롯데칠성음료,롯데게토레이블루볼트,20034|40077,음료 > 기능성음료 > 스포츠음료|음료 > 생수 > 일반생수,롯데게토레이블루볼트1.5L|롯데게토레이블루볼트600ML,pending
롯데칠성음료,롯데델몬트망고,40025|40086|60036,음료 > 과채음료 > 과일음료|음료 > 탄산수 > Flavor탄산수,롯데델몬트망고1.8L|롯데델몬트망고240ML|롯데델몬트망고400ML,pending
롯데칠성음료,롯데델몬트알로에,60062|80030,음료 > 과채음료 > 과일음료|음료 > 과채음료 > 어린이음료,롯데델몬트알로에400ML|롯데델몬트오리지널알로에1.5L,pending
롯데칠성음료,롯데델몬트오렌지100,50042|80031,음료 > 과채음료 > 과일음료|음료 > 과채음료 > 채소음료,롯데델몬트오렌지100 1.8L|롯데델몬트오렌지100%400ML,pending
롯데칠성음료,롯데델몬트콜드수박주스,70065|80001,음료 > 생수 > 일반생수|음료 > 탄산수 > Flavor탄산수,롯데)델몬트콜드수박주스250ML|롯데델몬트콜드수박주스1L,pending
롯데칠성음료,롯데델몬트포도100,30012|80061,음료 > 생수 > 일반생수|음료 > 차음료 > 일반차음료,롯데델몬트포도100%1.5L|롯데델몬트포도100%400ML,pending
롯데칠성음료,롯데레쓰비,10018|20012,음료 > 과채음료 > 과일음료|음료 > 커피음료 > 커피음료,롯데)레쓰비190ml|롯데레쓰비175ML,pending
롯데칠성음료,롯데레쓰비마일드커피,40002|80014,음료 > 과채음료 > 과일음료|음료 > 탄산음료 > 혼합탄산,롯데레쓰비마일드커피 200ml|롯데레쓰비마일드커피240ML,pending
롯데칠성음료,롯데마운틴듀,10032|20037|20094|40007|90120,음료 > 차음료 > 일반차음료|음료 > 커피음료 > 커피음료|음료 > 탄산수 > Flavor탄산수|음료 > 탄산음료 > 혼합탄산,롯데마운틴듀1.5L|롯데마운틴듀250ML|롯데마운틴듀330ML|롯데마운틴듀355ML|롯데마운틴듀400ML,pending
롯데칠성음료,롯데밀키스,10038|10078|30017|80018,음료 > 과채음료 > 과일음료|음료 > 탄산음료 > 혼합탄산,롯데밀키스1.5L|롯데밀키스250ML|롯데밀키스340ML|롯데밀키스500ML,pending
롯데칠성음료,롯데볼빅,20057|40075,음료 > 과채음료 > 과일음료|음료 > 과채음료 > 채소음료,롯데볼빅1.5L|롯데볼빅500ML,pending
롯데칠성음료,롯데사각사각꿀배,20024|50018,음료 > 기능성음료 > 스포츠음료|음료 > 탄산수 > 플레인탄산수,롯데사각사각꿀배340ML|롯데사각사각꿀배380ML,pending
롯데칠성음료,롯데쌕쌕오렌지,30043|90003,음료 > 과채음료 > 과일음료|음료 > 기능성음료 > 한방음료,롯데)쌕쌕오렌지238ML|롯데쌕쌕오렌지240ML,pending
롯데칠성음료,롯데아이시스80,20099|80047,음료 > 기능성음료 > 스포츠음료|음료 > 생수 > 일반생수,롯데아이시스8.0 1L|롯데아이시스8.0 2L,pending
롯데칠성음료,롯데아이시스산림수,20101|50054,음료 > 기능성음료 > 스포츠음료|음료 > 생수 > 일반생수,롯데아이시스산림수2.0L|롯데아이시스산림수500ML,pending
롯데칠성음료,롯데이프로부족할때복숭아,60034|80038,음료 > 과채음료 > 과일음료|음료 > 탄산음료 > 혼합탄산,롯데이프로부족할때복숭아240ML|롯데이프로부족할때복숭아500ML,pending
롯데칠성음료,롯데제주사랑감귤사랑,20089|50039|80059,음료 > 과채음료 > 과일음료|음료 > 과채음료 > 채소음료,롯데제주사랑감귤사랑1.2L|롯데제주사랑감귤사랑1.5L|롯데제주사랑감귤사랑1.8L,pending
롯데칠성음료,롯데칠성사이다,30053|70056|80010,음료 > 과채음료 > 과일음료|음료 > 차음료 > 기타차음료,롯데칠성사이다1.5L|롯데칠성사이다190ML|롯데칠성사이다245ML,pending
롯데칠성음료,롯데칠성사이다로어슈거,20038|60001|70049,음료 > 과채음료 > 과일음료|음료 > 과채음료 > 채소음료|음료 > 탄산음료 > 혼합탄산,롯데칠성사이다로어슈거250ml|롯데칠성사이다로어슈거500ML|롯데칠성사이다로어슈거600ML,pending
롯데칠성음료,롯데칸타타콘트라베이스블랙,10124|60057,음료 > 과채음료 > 과일음료|음료 > 커피음료 > 커피음료,롯데)칸타타콘트라베이스(스위트블랙)500ML|롯데)칸타타콘트라베이스블랙400ML,pending
롯데칠성음료,롯데트레비pet,20023|40072|80028|80039|90017,음료 > 과채음료 > 과일음료|음료 > 기능성음료 > 비타민/에너지음료|음료 > 기능성음료 > 스포츠음료|음료 > 차음료 > 일반차음료|음료 > 탄산음료 > 콜라,롯데트레비레몬(PET)500ML|롯데트레비자몽(PET)500ML|롯데트레비플레인(PET)1.2L|롯데트레비플레인(PET)300ML|롯데트레비플레인(PET)500ML,pending
롯데칠성음료,롯데트로피카나스파클링복숭아,70002|80045,음료 > 커피음료 > 커피음료|음료 > 탄산음료 > 혼합탄산,롯데트로피카나스파클링복숭아355ML|롯데트로피카나스파클링복숭아400ML,pending
롯데칠성음료,롯데트로피카나스파클링사과,20004|20042|90059,음료 > 기능성음료 > 스포츠음료|음료 > 탄산음료 > 혼합탄산,롯데트로피카나스파클링사과1.5L|롯데트로피카나스파클링사과355ML|롯데트로피카나스파클링사과400ML,pending
롯데칠성음료,롯데트로피카나스파클링포도,50011|70075,음료 > 과채음료 > 과일음료|음료 > 과채음료 > 어린이음료,롯데트로피카나스파클링포도1.5L|롯데트로피카나스파클링포도355ML,pending
롯데칠성음료,롯데펩시콜라,20022|40033|40070|60009|60043|80160,음료 > 과채음료 > 과일음료|음료 > 기능성음료 > 비타민/에너지음료|음료 > 차음료 > 일반차음료|음료 > 커피음료 > 커피음료|음료 > 탄산음료 > 사이다|음료 > 탄산음료 > 혼합탄산,롯데)펩시콜라160ML|롯데)펩시콜라210ML|롯데펩시콜라1.25L|롯데펩시콜라1.5L|롯데펩시콜라250ML|롯데펩시콜라600ML,pending
롯데칠성음료,롯데핑크퐁키즈홍삼사과당근,55409|55413|90047,음료 > 과일음료 > 어린이음료|음료 > 기능성음료 > 비타민/에너지음료,롯데핑크퐁키즈홍삼(사과당근)100ML|롯데핑크퐁키즈홍삼사과당근,pending
롯데칠성음료,롯데핑크퐁키즈홍삼포도야채,50010|55406|55410,음료 > 과일음료 > 어린이음료|음료 > 과채음료 > 과일음료|음료 > 액상조미료 > 음용식초,롯데핑크퐁키즈홍삼(포도야채)100ML|롯데핑크퐁키즈홍삼포도야채,pending
롯데칠성음료,롯데핫식스,10015|30010,음료 > 과채음료 > 과일음료|음료 > 기능성음료 > 비타민/에너지음료,롯데핫식스355ML|롯데핫식스자몽250ML,pending
맑은농산,코코크런치넛시나몬피칸,45969|56055,과자 > 견과류 > 혼합견과|통조림/안주 > 안주 > 견과류,맑은농산)코코크런치넛시나몬피칸,pending
매크로통상,leon레옹비타민c젤리,55932|66024,과자 > 캔디 > 젤리|의약외품 > 건강보조식품 > 비타민/미네랄,매크로통상)LEON레옹비타민C레몬젤리80G|매크로통상)LEON레옹비타민C자몽젤리80G,pending
머거본,꿀땅콩,35964|40213|66370,과자 > 견과류 > 혼합견과|통조림/안주 > 안주 > 견과류,머거본)꿀땅콩|머거본꿀땅콩55G|머거본꿀땅콩60G,pending
머거본,알땅콩,20121|80170,과자 > 견과류 > 땅콩|통조림/안주 > 안주 > 견과류,머거본) 알땅콩|머거본알땅콩55G,pending
머거본,커피땅콩,35965|66371|90198,과자 > 견과류 > 땅콩|통조림/안주 > 안주 > 견과류,머거본)커피땅콩|머거본커피땅콩55G|머거본커피땅콩70G,pending
머거본,후렌치후라이드아몬드,20122|60185,과자 > 견과류 > 아몬드|통조림/안주 > 안주 > 견과류,머거본)후렌치후라이드아몬드|머거본)후렌치후라이드아몬드40G,pending
미성패밀리,허쉬크림샌드위치쿠키,65038|70089,과자 > 비스킷 > 쿠키|과자 > 스낵 > 샌드,미성패밀리허쉬초코크림샌드위치쿠키|허쉬)초코크림샌드위치쿠키100G,pending
부루구루,부루구루콤부차,35843|35844,음료 > 커피음료 > 커피음료|음료 > 탄산음료 > 혼합탄산,부루구루)부루구루콤부차레몬|부루구루)부루구루콤부차오리지널,pending
서울에프앤비,마이밀비핏오트,25879|25880,음료 > 기능성음료 > 기타기능성음료|음료 > 냉장음료 > 코코넛워터,서울에프앤비 마이밀비핏오트190ML|서울에프앤비 마이밀비핏오트초코190ML,pending
서울우유,서울우유,20240|50187|50190|55180|70215|80184|80188,유제품 > 우유 > 가공우유|유제품 > 우유 > 일반우유,서울우유|서울우유딸기|서울우유초콜릿,pending
서울우유,아침에주스포도,35157|65125,유제품 > 우유 > 가공우유|음료 > 과채음료 > 과채혼합음료,서울우유)아침에주스포도950ML|서울우유아침에주스포도,pending
소피바디,피트천연코튼팬티라이너라벤더,80080|90091,미분류 > 생리용품 > 팬티라이너|의약외품 > 생리용품 > 팬티라이너,소피바디피트천연코튼팬티라이너라벤더|소피바디피트천연코튼팬티라이너라벤더20개입,pending
슈가버블,식기세척기용액체세제,25783|55348,생활용품 > 주방용품 > 세제|홈클린 > 주방세제 > 일반주방세제,슈가버블 식기세척기용액체세제1L|슈가버블식기세척기용액체세제,pending
싸이클릭푸드,피넛브리틀바이츠,15815|35436,과자 > 견과류 > 땅콩|상온HMR > 가공안주류 > 견과류,싸이클릭푸드 피넛브리틀바이츠 210G|싸이클릭푸드)피넛브리틀바이츠,pending
아트위드미,유기농참밤,25638|65857|66306,과자 > 견과류 > 밤|통조림/안주 > 통조림 > 보일드통조림,아트위드미 유기농참밤 60G|아트위드미 유기농참밤60G|아트위드미)유기농참밤3개입,pending
애경,말랑카우를좋아하는말랑이버블핸드워시,50188|50189,생활용품 > 목욕용품 > 바디용품|유제품 > 요구르트 > 마시는 요구르트,애경말랑카우를좋아하는말랑이버블핸드워시,pending
애경,케라시스데미지클리닉샴푸,10277|45710,이/미용 > 두발용품 > 샴푸|이/미용 > 위생용품 > 바디워시,애경)케라시스데미지클리닉오리지널샴푸|애경케라시스데미지클리닉오리지널샴푸,pending
애경,케라시스볼륨클리닉샴푸,56057|60173,이/미용 > 두발용품 > 샴푸|홈클린 > 두발용품 > 샴푸,애경)케라시스볼륨클리닉오리지널샴푸|애경케라시스 볼륨 클리닉 샴푸,pending
영남코프레이션,바질페스토,15331|66071,상온HMR > 소스류 > 파스타소스|소스 > 소스류 > 파스타소스,영남코프레이션 바질페스토 190G|영남코프레이션)바질페스토190G,pending
웅진식품,가야알로에농장,10072|40022|70047,음료 > 과채음료 > 채소음료|음료 > 기능성음료 > 스포츠음료|음료 > 탄산음료 > 혼합탄산,가야알로에농장1.5L|가야알로에농장180ML|가야알로에농장500ML,pending
웅진식품,가야토마토농장,10021|10082|70034,음료 > 과채음료 > 과일음료|음료 > 과채음료 > 채소음료|음료 > 탄산음료 > 혼합탄산,가야토마토농장1.5L|가야토마토농장180ML|가야토마토농장500ML,pending
웅진식품,빅토리아,70042|80036,음료 > 생수 > 일반생수|음료 > 차음료 > 일반차음료,빅토리아(자몽)500ML|빅토리아(플레인)500ML,pending
웅진식품,웅진가야농장제주감귤농장,10073|20047,음료 > 과채음료 > 과일음료|음료 > 과채음료 > 채소음료,웅진가야농장제주감귤농장1.5L|웅진가야농장제주감귤농장180ML,pending
웅진식품,웅진내사랑알로에,90026|A30028,음료 > 과채음료 > 과일음료|음료 > 차음료 > 전통차음료,웅진내사랑알로에180ML|웅진식품웅진내사랑알로에,pending
웅진식품,웅진자연은석류,20008|80066,음료 > 과채음료 > 과일음료|음료 > 차음료 > 일반차음료,웅진자연은석류1.5L|웅진자연은석류180ML,pending
웅진식품,웅진자연은제주감귤,30016|80069,음료 > 기능성음료 > 비타민/에너지음료|음료 > 차음료 > 일반차음료,웅진자연은제주감귤1.5L|웅진자연은제주감귤340ML,pending
웅진식품,웅진초록매실,80037|90111,음료 > 생수 > 일반생수|음료 > 탄산수 > 플레인탄산수,웅진초록매실180ML|웅진초록매실500ML,pending
웅진식품,웅진하늘보리,20007|30189|70054,음료 > 과채음료 > 과일음료|음료 > 생수 > 일반생수,웅진하늘보리1.5L|웅진하늘보리325ml|웅진하늘보리500ML,pending
유니레버코리아,라이프보이토탈10바솝,65741|66352,생활용품 > 기타 > 기타|이/미용 > 위생용품 > 퍼퓸비누,유니레버코리아라이프보이토탈10(바솝)10개입110G*10|유니레버코리아라이프보이토탈10(바솝)110G,pending
유한양행,유한락스후로랄,25351|55341,생활용품 > 기타 > 기타|홈클린 > 욕실주거세제 > 락스,유한양행 유한락스 후로랄 1L|유한양행유한락스후로랄,pending
유한양행,유한젠,15353|35303,홈클린 > 세탁세제 > 분말표백제|홈클린 > 세탁세제 > 액상세탁세제,유한양행 유한젠 1.4KG|유한양행)유한젠200G,pending
유한양행,해피홈세이프365비누그린샤워향,45959|65173,생활용품 > 목욕용품 > 바디용품|이/미용 > 위생용품 > 일반비누,유한양행)해피홈세이프365비누그린샤워향3개입|유한양행)해피홈세이프365비누그린샤워향85G,pending
유한킴벌리,그린핑거손소독물티슈999살균소독,56041|66129,생활용품 > 위생용품 > 티슈|의약외품 > 위생용품 > 핸드워시/손세정제,유한킴벌리)그린핑거손소독물티슈99.9%살균소독,pending
이마트24,주이마트24유기농순면커버날개형중형,A30001|A30013,생활용품 > 생리용품 > 생리대|의약외품 > 생리용품 > 생리대,(주)이마트24유기농순면커버날개형중형,pending
일화,맥콜,10009|30044|50012|60039|60058|70078,음료 > 과채음료 > 과일음료|음료 > 차음료 > 일반차음료|음료 > 커피음료 > 커피음료|음료 > 탄산음료 > 혼합탄산,맥콜355ML|일화)맥콜1.25l|일화)맥콜1.5L|일화)맥콜190ML|일화)맥콜500ML|일화맥콜250ML,pending
일화,천연사이다,60008|60065,음료 > 탄산음료 > 사이다|음료 > 탄산음료 > 혼합탄산,일화)천연사이다1.5L|일화천연사이다250ML,pending
일화,초정탄산수,50013|50032,음료 > 과채음료 > 과일음료|음료 > 탄산음료 > 혼합탄산,일화초정탄산수1.5L|일화초정탄산수190ML,pending
일화초정공장,초정탄산,70064|75022|75023,음료 > 과채음료 > 과일음료|음료 > 과채음료 > 어린이음료|음료 > 탄산수 > Flavor탄산수,일화초정공장)초정탄산레몬|일화초정공장)초정탄산자몽500ML,pending
제이트레이더스,하이드로슬라이스퍼프,15575|35461,이/미용 > 화장품 > 스펀지/퍼프|이/미용 > 화장품 > 스폰지/퍼프,제이트레이더스 하이드로슬라이스퍼프 1개입|제이트레이더스)하이드로슬라이스퍼프,pending
제주특별자치도개발공사,제주삼다수,20100|20155,음료 > 생수 > 일반생수|음료 > 커피음료 > 커피음료,제주삼다수2L|제주삼다수500ML,pending
청정원,순창초고추장,35365|40312,소스 > 장류 > 고추장|음료 > 장류 > 간장,청정원순창초고추장|청정원순창초고추장300G,pending
카르멘시타,통흑후추,25111|60224,상온HMR > 분말조미료 > 후추|소스 > 분말조미료 > 기타향신료,카르멘시타 통흑후추|카르멘시타 통흑후추 47G,pending
코카콜라,미닛메이드망고,30022|50041,음료 > 기능성음료 > 비타민/에너지음료|음료 > 차음료 > 일반차음료,코카콜라)미닛메이드망고1.5L|코카콜라)미닛메이드망고175ML,pending
코카콜라음료,코카미닛메이드포도,30052|60075,음료 > 과채음료 > 채소음료|음료 > 탄산음료 > 혼합탄산,코카)미닛메이드오리지널포도1.8L|코카)미닛메이드포도1.5L,pending
코카콜라음료,코카스프라이트,10047|25337|25340|70061|80168,음료 > 과채음료 > 과일음료|음료 > 커피음료 > 커피음료|음료 > 탄산음료 > 사이다|음료 > 탄산음료 > 콜라,코카)스프라이트 215ML|코카)스프라이트1L|코카스프라이트1.5L|코카스프라이트355ML|코카스프라이트500ML,pending
코카콜라음료,코카씨그램라임,20035|20036,음료 > 기능성음료 > 스포츠음료|음료 > 탄산수 > Flavor탄산수,코카씨그램라임350ML|코카씨그램라임450ML,pending
코카콜라음료,코카아데스아몬드,25469|25470|35379|35389,과자 > 냉장음료 > 냉장곡물견과음료|상온HMR > 냉장음료 > 냉장곡물견과음료|음료 > 기능성음료 > 기타기능성음료|음료 > 차음료 > 일반차음료,코카)아데스아몬드오리지널|코카)아데스아몬드오리지널 190ML|코카)아데스아몬드초콜릿 190ML,pending
코카콜라음료,코카암바사,30026|60047,음료 > 기능성음료 > 식이섬유음료|음료 > 차음료 > 일반차음료,코카암바사345ML|코카암바사500ML,pending
코카콜라음료,코카콜라,10027|10055|10075|20096|30033|30050|50026|60068,음료 > 과채음료 > 과일음료|음료 > 탄산음료 > 콜라|음료 > 탄산음료 > 혼합탄산,코카콜라1.25L|코카콜라1.5L|코카콜라1.6L|코카콜라190ML|코카콜라250ML|코카콜라2L|코카콜라355ML|코카콜라오리지널300ML,pending
코카콜라음료,코카콜라제로,10034|20031,음료 > 탄산음료 > 콜라|음료 > 탄산음료 > 혼합탄산,코카콜라제로250ML|코카콜라제로500ML,pending
코카콜라음료,코카토레타,20033|20220,음료 > 커피음료 > 커피음료|음료 > 탄산음료 > 혼합탄산,코카토레타1.5L|코카토레타500ML,pending
코카콜라음료,코카파워에이드mb,40021|40030|40040|50017,음료 > 과채음료 > 과일음료|음료 > 차음료 > 일반차음료|음료 > 커피음료 > 커피음료|음료 > 탄산수 > Flavor탄산수,코카파워에이드MB240ML|코카파워에이드MB355ML|코카파워에이드MB520ML|코카파워에이드MB600ML,pending
코카콜라음료,코카파워에이드퍼플스톰,50080|70076,음료 > 차음료 > 전통차음료|음료 > 탄산음료 > 혼합탄산,코카파워에이드퍼플스톰1.5L|코카파워에이드퍼플스톰600ML,pending
코카콜라음료,코카환타오렌지,10052|10076|20016|40049|90012,음료 > 커피음료 > 커피음료|음료 > 탄산음료 > 혼합탄산,코카환타오렌지1.5L|코카환타오렌지185ML|코카환타오렌지215ML|코카환타오렌지250ML|코카환타오렌지600ML,pending
코카콜라음료,코카환타파인애플,10077|60037|70046,음료 > 과채음료 > 과일음료|음료 > 차음료 > 일반차음료|음료 > 탄산음료 > 혼합탄산,코카환타파인애플1.5L|코카환타파인애플250ML|코카환타파인애플600ML,pending
크라운제과,크라운그레이스,40181|65030,과자 > 비스킷 > 쿠키|과자 > 비스킷 > 크래커,크라운 그레이스(298G)|크라운그레이스85G,pending
크라운제과,크라운쵸코하임,25027|30057,과자 > 비스킷 > 쿠키|과자 > 스낵 > 밀가루스낵,크라운 쵸코하임 47G|크라운쵸코하임284G,pending
크라운제과,크라운하임,25051|35031|55032|60090,과자 > 비스킷 > 샌드|과자 > 비스킷 > 쿠키,크라운 초코하임 142G|크라운 초코하임 284G|크라운초코하임47G,pending
태광웰푸드,처음먹는칼슘츄러스,25244|35713|65202,과자 > 과자 > 쌀과자|유제품 > 치즈 > 체다치즈|유제품 > 치즈 > 크림치즈,태광웰푸드)처음먹는칼슘츄러스딸기|태광웰푸드)처음먹는칼슘츄러스치즈45.5G|태광웰푸드처음먹는칼슘츄러스치즈,pending
팔도,비락식혜,10129|50163|90113,음료 > 기능성음료 > 비타민/에너지음료|음료 > 차음료 > 전통차음료,팔도비락식혜1.8L|팔도비락식혜238ML|팔도비락식혜500ML,pending
프로엠,2오트밀스낵,35660|35723,과자 > 과자 > 쌀과자|과자 > 스낵 > 쌀스낵,프로엠2)오트밀딸기스낵,pending
하이트진로,하이트엑스트라콜드,20069|40034,음료 > 탄산음료 > 콜라|주류 > 맥주 > 국내맥주,하이트엑스트라콜드355ml|하이트엑스트라콜드500ML,pending
한국쉬즈라인,꿀광퍼프,15562|35490,이/미용 > 화장품 > 스펀지/퍼프|이/미용 > 화장품 > 스폰지/퍼프,한국쉬즈라인 꿀광퍼프 1개입|한국쉬즈라인)꿀광퍼프,pending
해태,갈배사이다,20093|40010,음료 > 커피음료 > 커피음료|음료 > 탄산음료 > 혼합탄산,해태갈배사이다1.5L|해태갈배사이다210ML,pending
해태,구운감자,25407|70093|80093|A10027,과자 > 비스킷 > 스틱과자|과자 > 스낵 > 스틱과자,해태 구운감자 162G|해태)구운감자|해태구운감자108G|해태구운감자27G,pending
해태,파인애플봉봉,40044|60059,음료 > 차음료 > 일반차음료|음료 > 탄산음료 > 혼합탄산,해태파인애플봉봉238ML|해태파인애플봉봉240ML,pending
해태에이치티비,해태갈아만든배,10137|40015|80055|80164,음료 > 과채음료 > 과일음료|음료 > 탄산음료 > 콜라|음료 > 탄산음료 > 혼합탄산,해태)갈아만든배1.5L|해태)갈아만든배1L|해태갈아만든배238ML|해태갈아만든배340ML,pending
해태에이치티비,해태강원평창수,20105|40058,음료 > 과채음료 > 과일음료|음료 > 생수 > 일반생수,해태강원평창수2L|해태강원평창수500ML,pending
해태에이치티비,해태코코팜포도,60072|80054,음료 > 과채음료 > 과일음료|음료 > 과채음료 > 채소음료,해태)코코팜포도1L|해태코코팜포도1.5L,pending
해태에이치티비,해태코코팜피치핑크복숭아,40078|80053,음료 > 과채음료 > 과일음료|음료 > 기능성음료 > 스포츠음료,해태)코코팜피치핑크복숭아1L|해태코코팜피치핑크복숭아1.5L,pending
헨켈코리아,헨켈홈케어코리아브레프파워액티브프로방스라벤더,15845|15848,생활용품 > 욕실용품 > 세정제|홈클린 > 욕실주거세제 > 세정제,헨켈홈케어코리아 브레프파워액티브프로방스라벤더50G|헨켈홈케어코리아 브레프파워액티브프로방스라벤더50G*2,pending
헬스밸런스,에퐁당현미퍼프,15057|25057,과자 > 스낵 > 쌀과자|상온HMR > 스낵 > 영유아과자,헬스밸런스 딸기에 퐁당 현미퍼프 20G|헬스밸런스 치즈에 퐁당 현미퍼프 20G,pending
현대내츄럴,현대미에로화이바,10136|40017|40053,음료 > 기능성음료 > 식이섬유음료|음료 > 차음료 > 일반차음료|음료 > 탄산음료 > 콜라,현대미에로화이바100ML|현대미에로화이바210ML|현대미에로화이바350ML,pending
홈플러스,시그니처콜라,25329|65374,음료 > 욕실주거세제 > 다목적주방세제|음료 > 탄산음료 > 혼합탄산,홈플러스시그니처 콜라 350ML|홈플러스시그니처콜라,pending
홈플러스,심플러스바른샘물,40051|60044,음료 > 커피음료 > 커피음료|음료 > 탄산음료 > 콜라,심플러스)바른샘물500ML|심플러스바른샘물300ML,pending
