l1,l2,manufacturer,title,flavors,volumes,inferred_l1,inferred_l2,identity_company,identity_item,source_titles,pick
생수/음료,기타음료,광동,알찬콩두유,,200ML,생수/음료,기타음료,광동,알찬콩두유,광동)알찬콩두유200ML,광동|알찬콩두유
생수/음료,병·캔 커피·차,롯데칠성음료,레쓰비마일드커피,,240ML,생수/음료,,롯데칠성,레쓰비마일드커피,롯데레쓰비마일드커피240ML,롯데칠성|레쓰비마일드커피
생수/음료,생수,농심,백산수,,330ML,생수/음료,생수,농심,백산수,농심 백산수 330ML,농심|백산수
생수/음료,생수,롯데칠성음료,아이시스8.0,,1L,생수/음료,생수,롯데칠성,아이시스80,롯데아이시스8.0 1L,롯데칠성|아이시스8.0
생수/음료,생수,제주특별자치도개발공사,제주삼다수,,2L,생수/음료,생수,제주특별자치도개발공사,제주삼다수,제주삼다수2L,제주특별|제주삼다수
생수/음료,전통음료,팔도,비락식혜,,1.8L,생수/음료,전통음료,팔도,비락식혜,팔도비락식혜1.8L,팔도|비락식혜
생수/음료,주스·과채,롯데칠성음료,델몬트 100,오렌지,1.8L,생수/음료,,롯데칠성,델몬트100,롯데델몬트오렌지100 1.8L,롯데칠성|델몬트오렌지100
생수/음료,주스·과채,서울우유,아침에주스,사과,210ML,생수/음료|유제품/아이스크림,주스·과채,서울우유,아침에주스,서울우유 아침에주스사과 210ML,서울우유|아침에주스사과
생수/음료,주스·과채,코카콜라음료,미닛메이드,오리지널|오렌지,1.5L,생수/음료,,코카콜라,미닛메이드,미닛메이드오리지널오렌지1.5L,코카콜라음료|미닛메이드오리지널오렌지
생수/음료,탄산·이온·스포츠,동아오츠카,동아포카리스웨트(캔),,340ML,생수/음료,탄산·이온·스포츠,동아오츠카,동아포카리스웨트캔,동아포카리스웨트(캔)340ML,동아오츠카|포카리스웨트
생수/음료,탄산·이온·스포츠,롯데칠성음료,게토레이,,600ML,,탄산·이온·스포츠,롯데칠성,게토레이,롯데게토레이600ML,롯데칠성|게토레이600ML
생수/음료,탄산·이온·스포츠,롯데칠성음료,사이다,,1.5L,생수/음료,탄산·이온·스포츠,롯데칠성,사이다,롯데칠성사이다1.5L,롯데칠성|칠성사이다1.5L
생수/음료,탄산·이온·스포츠,롯데칠성음료,펩시콜라,,1.5L,생수/음료,탄산·이온·스포츠,롯데칠성,펩시콜라,롯데펩시콜라1.5L,롯데칠성|펩시콜라1.5L
생수/음료,탄산·이온·스포츠,코카콜라음료,코카콜라,,1.25L,생수/음료,탄산·이온·스포츠,코카콜라,코카콜라,코카콜라1.25L,코카콜라음료|코카콜라1.25L
생수/음료,탄산·이온·스포츠,코카콜라음료,코카파워에이드MB,,240ML,생수/음료,탄산·이온·스포츠,코카콜라,코카파워에이드mb,코카파워에이드MB240ML,코카콜라|파워에이드
커피/원두/차,RTD 커피·차,롯데칠성음료,칸타타아이스블랙커피 (파,,230ML,생수/음료,병·캔 커피·차,롯데칠성,칸타타아이스블랙커피파,롯데칸타타아이스블랙커피230ML(파),롯데칠성|칸타타아이스블랙커피
커피/원두/차,RTD 커피·차,롯데칠성음료,칸타타프리미엄라떼,,175ML,생수/음료,병·캔 커피·차,롯데칠성,칸타타프리미엄라떼,롯데)칸타타프리미엄라떼175ML,롯데칠성|칸타타프리미엄라떼175ML
커피/원두/차,RTD 커피·차,코카콜라음료,조지아,오리지날,350ML,생수/음료,,코카콜라,조지아,조지아오리지날350ML,코카콜라음료|조지아오리지날350ML
커피/원두/차,커피믹스,네스카페,부드러운모카 50T,,50T,,,네스카페,부드러운모카50t,네스카페 부드러운모카 50T,네스카페|네스카페부드러운모카
커피/원두/차,커피믹스,동서식품,맥심모카골드마일드커피믹스,,360G,커피/원두/차,커피믹스,동서식품,맥심모카골드마일드커피믹스,동서맥심모카골드마일드커피믹스,동서|맥심모카골드마일드커피믹스
커피/원두/차,커피믹스,동서식품,맥심카누마일드아메리카노10T,,16G,,,동서식품,맥심카누마일드아메리카노10t,동서맥심카누마일드아메리카노10T,동서|카누마일드아메리카노10T
커피/원두/차,코코아·기타,동서식품,미떼 핫 10T,오리지날|초코,30G,커피/원두/차,,동서식품,미떼핫10t,동서 미떼 핫초코 오리지날 10T 30G,동서|미떼핫초코오리지날
커피/원두/차,티백·잎차,동서식품,둥굴레차,,60G,커피/원두/차,티백·잎차,동서식품,둥굴레차,동서 둥굴레차60G,동서|둥굴레차
커피/원두/차,티백·잎차,동서식품,현미녹차100T,,150G,커피/원두/차,티백·잎차,동서식품,현미녹차100t,동서)현미녹차100T150G,동서|현미녹차100T
과자/초콜릿/시리얼,스낵·과자,농심,새우깡,,90G,과자/초콜릿/시리얼|가루/조미료/오일,스낵·과자,농심,새우깡,농심새우깡90G,농심|농심새우깡90G
과자/초콜릿/시리얼,스낵·과자,농심,프링글스,오리지날,110G,과자/초콜릿/시리얼,,농심,프링글스,프링글스오리지날110G,농심|프링글스오리지날110G
과자/초콜릿/시리얼,스낵·과자,롯데제과,꼬깔콘고소한맛,,72G,과자/초콜릿/시리얼,,롯데제과,꼬깔콘고소한맛,꼬깔콘고소한맛72G,롯데제과|꼬깔콘고소한맛72G
과자/초콜릿/시리얼,스낵·과자,오리온,포카칩,오리지널,66G,과자/초콜릿/시리얼,스낵·과자,오리온,포카칩,오리온)포카칩오리지널66G,오리온|포카칩오리지널66G
과자/초콜릿/시리얼,시리얼·바,농심켈로그,첵스 컵시리얼,초코,30G,과자/초콜릿/시리얼,시리얼·바,농심켈로그,첵스컵시리얼,농심 켈로그)첵스초코 컵시리얼30G,농심켈로그|첵스초코
과자/초콜릿/시리얼,시리얼·바,농심켈로그,콘푸로스트컵시리얼,,30G,과자/초콜릿/시리얼,시리얼·바,농심켈로그,콘푸로스트컵시리얼,농심켈로그)콘푸로스트컵시리얼30G,농심켈로그|콘푸로스트컵시리얼
과자/초콜릿/시리얼,안주·육포,CJ제일제당,쫄깃한육포,,45G,과자/초콜릿/시리얼|통조림/캔|반찬/간편식/대용식,안주·육포,씨제이,쫄깃한육포,CJ)쫄깃한육포45G,CJ제일제당|쫄깃한육포
과자/초콜릿/시리얼,초콜릿·캔디,롯데제과,빼빼로,오리지날,184G,과자/초콜릿/시리얼,,롯데제과,빼빼로,롯데 오리지날 빼빼로 184G,롯데제과|오리지날빼빼로
과자/초콜릿/시리얼,초콜릿·캔디,오리온,초코파이( ),,12입|468G,과자/초콜릿/시리얼,스낵·과자,오리온,초코파이,오리온)초코파이(12입)468G,오리온|초코파이(12입)
과자/초콜릿/시리얼,초콜릿·캔디,해태,홈런볼 티라미수,,146G,과자/초콜릿/시리얼|가루/조미료/오일,,해태,홈런볼티라미수,해태 홈런볼 티라미수 146G,해태|홈런볼
라면/면류,국수·당면·파스타,농심,생생우동봉지,,253G,라면/면류,국수·당면·파스타,농심,생생우동봉지,농심생생우동봉지253G,농심|생생우동봉지
라면/면류,국수·당면·파스타,오뚜기,옛날사리당면,,100G,라면/면류,국수·당면·파스타,오뚜기,옛날사리당면,오뚜기)옛날사리당면,오뚜기|옛날사리당면
라면/면류,냉면·기타면,풀무원,탱탱쫄면,,123G,라면/면류|분식/만두/피자,냉면·기타면|기타분식,풀무원,탱탱쫄면,풀무원탱탱쫄면123G,풀무원|탱탱쫄면
라면/면류,봉지라면,농심,순한너구리,,120G,라면/면류,봉지라면,농심,순한너구리,농심순한너구리120G,농심|순한너구리120G
라면/면류,봉지라면,농심,신라면,,120G,라면/면류,봉지라면,농심,신라면,농심신라면120G,농심|농심신라면120G
라면/면류,봉지라면,농심,신라면블랙,,101G,라면/면류,봉지라면,농심,신라면블랙,농심)신라면블랙101G,농심|신라면블랙101G
라면/면류,봉지라면,농심,안성탕면,,125G,라면/면류|국/탕/찌개,봉지라면,농심,안성탕면,농심안성탕면125G,농심|농심안성탕면125G
라면/면류,봉지라면,농심,올리브짜파게티,,140G,라면/면류,봉지라면,농심,올리브짜파게티,농심올리브짜파게티140G,농심|올리브짜파게티
라면/면류,봉지라면,오뚜기,진라면 (봉지),매운맛,120G,라면/면류,봉지라면,오뚜기,진라면봉지,오뚜기진라면매운맛(봉지)120G,오뚜기|진라면매운맛(봉지)
라면/면류,봉지라면,팔도,김치도시락,,86G,라면/면류|반찬/간편식/대용식,간편식·도시락,팔도,김치도시락,팔도 김치도시락 86G,팔도|김치도시락
라면/면류,컵·용기면,오뚜기,진라면 컵,매운맛,110G,라면/면류,봉지라면,오뚜기,진라면컵,오뚜기 진라면매운맛컵 110G,오뚜기|진라면매운맛컵
라면/면류,컵·용기면,오뚜기,컵누들 팟타이쌀국수,,50G,라면/면류,컵·용기면|국수·당면·파스타,오뚜기,컵누들팟타이쌀국수,오뚜기 컵누들 팟타이쌀국수 50G,오뚜기|컵누들팟타이쌀국수
라면/면류,컵·용기면,오뚜기,컵누들김치쌀국수,,34.8G,라면/면류,컵·용기면|국수·당면·파스타,오뚜기,컵누들김치쌀국수,오뚜기)컵누들김치쌀국수34.8G,오뚜기|컵누들김치쌀국수
통조림/캔,농산·과일캔,Dole 코리아,후룻볼,트로피칼,4입|4개입,생수/음료,,돌코리아,후룻볼,Dole 후룻볼 트로피칼 4입 100%주스,Dole|후룻볼
통조림/캔,농산·과일캔,오뚜기,황도,,400G,통조림/캔|반찬/간편식/대용식,,오뚜기,황도,오뚜기황도,오뚜기|오뚜기황도
통조림/캔,참치·수산캔,동원F&B,참치,,200G,통조림/캔|반찬/간편식/대용식,,동원fb,참치,동원참치200G,동원|동원참치200G
통조림/캔,햄·고기캔,CJ제일제당,스팸,,200G,통조림/캔|반찬/간편식/대용식,햄·고기캔,씨제이,스팸,CJ스팸200G,CJ제일제당|CJ스팸200G
통조림/캔,햄·고기캔,동원F&B,리챔,오리지날,340G,통조림/캔|반찬/간편식/대용식,햄·고기캔,동원fb,리챔,동원)리챔오리지날,동원|리챔오리지날
통조림/캔,햄·고기캔,씨제이제일제당,스팸25%라이트,,340G,통조림/캔|반찬/간편식/대용식,햄·고기캔,씨제이,스팸25라이트,씨제이)스팸25%라이트,씨제이|스팸25%라이트
반찬/간편식/대용식,간편식·도시락,CJ제일제당,비비고 차돌된장찌개,,460G,반찬/간편식/대용식|국/탕/찌개,찌개,씨제이,비비고차돌된장찌개,CJ 비비고 차돌된장찌개 460G,CJ제일제당|비비고차돌된장찌개
반찬/간편식/대용식,간편식·도시락,오뚜기,3분제육덮밥,매운맛,150G,즉석밥/볶음밥,볶음밥·컵밥,오뚜기,3분제육덮밥,3분제육덮밥매운맛150G,오뚜기|3분제육덮밥
반찬/간편식/대용식,간편식·도시락,오뚜기,3분햄버그스테이크,,140G,,,오뚜기,3분햄버그스테이크,오뚜기3분햄버그스테이크140G,오뚜기|3분햄버그스테이크
반찬/간편식/대용식,즉석반찬,동원F&B,양반소고기장조림,,110G,반찬/간편식/대용식,즉석반찬,동원fb,양반소고기장조림,동원 양반소고기장조림 110G,동원|소고기장조림
반찬/간편식/대용식,즉석반찬,오뚜기,옛날잡채용기,,76G,라면/면류|반찬/간편식/대용식,즉석반찬,오뚜기,옛날잡채용기,오뚜기옛날잡채용기,오뚜기|옛날잡채용기
국/탕/찌개,국,CJ제일제당,비비고 소고기미역국,,500G,반찬/간편식/대용식|국/탕/찌개,국,씨제이,비비고소고기미역국,CJ 비비고 소고기미역국 500G,CJ제일제당|비비고소고기미역국
국/탕/찌개,국,오뚜기,간편미역국,,47.5G,반찬/간편식/대용식|국/탕/찌개,국,오뚜기,간편미역국,오뚜기)간편미역국,오뚜기|간편미역국
국/탕/찌개,찌개,CJ제일제당,비비고 차돌된장찌개,,460G,반찬/간편식/대용식|국/탕/찌개,찌개,씨제이,비비고차돌된장찌개,CJ 비비고 차돌된장찌개 460G,CJ제일제당|비비고차돌된장찌개
국/탕/찌개,찌개,CJ제일제당,비비고돼지고기김치찌개,,460G,반찬/간편식/대용식|국/탕/찌개,찌개,씨제이,비비고돼지고기김치찌개,CJ제일제당)비비고돼지고기김치찌개460G,CJ제일제당|비비고돼지고기김치찌개
국/탕/찌개,찌개,동원F&B,양반돼지고기김치찌개,,460G,반찬/간편식/대용식|국/탕/찌개,찌개,동원fb,양반돼지고기김치찌개,동원)양반돼지고기김치찌개,동원|양반돼지고기김치찌개
국/탕/찌개,탕,CJ제일제당,비비고진국설렁탕,,500G,반찬/간편식/대용식|국/탕/찌개,탕,씨제이,비비고진국설렁탕,CJ비비고진국설렁탕,CJ제일제당|비비고진국설렁탕
즉석밥/볶음밥,볶음밥·컵밥,CJ제일제당,햇반컵반 스팸마요덮밥,,219G,통조림/캔|반찬/간편식/대용식|즉석밥/볶음밥,햄·고기캔|볶음밥·컵밥,씨제이,햇반컵반스팸마요덮밥,CJ 햇반컵반 스팸마요덮밥 219G,CJ제일제당|햇반컵반스팸마요덮밥
즉석밥/볶음밥,볶음밥·컵밥,씨제이제일제당,햇반컵반불닭마요덮밥,,219G,즉석밥/볶음밥,볶음밥·컵밥,씨제이,햇반컵반불닭마요덮밥,씨제이)햇반컵반불닭마요덮밥,씨제이|햇반컵반불닭마요덮밥
즉석밥/볶음밥,볶음밥·컵밥,오뚜기,3분제육덮밥,매운맛,150G,즉석밥/볶음밥,볶음밥·컵밥,오뚜기,3분제육덮밥,3분제육덮밥매운맛150G,오뚜기|3분제육덮밥
즉석밥/볶음밥,볶음밥·컵밥,오뚜기,컵밥제육덮밥,,310G,즉석밥/볶음밥,볶음밥·컵밥,오뚜기,컵밥제육덮밥,오뚜기컵밥제육덮밥,오뚜기|컵밥제육덮밥
죽/스프,스프,오뚜기,야채스프,,80G,죽/스프,스프,오뚜기,야채스프,오뚜기야채스프80G,오뚜기|오뚜기야채스프80G
죽/스프,스프,오뚜기,콘크림스프,,270G,죽/스프,스프,오뚜기,콘크림스프,오뚜기)콘크림스프,오뚜기|콘크림스프
죽/스프,죽,CJ제일제당,비비고소고기죽,,450G,죽/스프,죽,씨제이,비비고소고기죽,CJ비비고소고기죽450G,CJ제일제당|비비고소고기죽
죽/스프,죽,동원F&B,양반 전복죽,,420G,죽/스프,죽,동원fb,양반전복죽,동원 양반 전복죽,동원|양반전복죽
죽/스프,죽,동원F&B,양반단호박죽,,287.5G|285G,죽/스프,죽,동원fb,양반단호박죽,동원)양반단호박죽287.5G,동원|양반단호박죽
분식/만두/피자,떡볶이·어묵,뽀로로매,콤떡볶이,,120G,분식/만두/피자,떡볶이·어묵,뽀로로매,콤떡볶이,뽀로로매콤떡볶이120G,뽀로로매|뽀로로매콤떡볶이
짜장/카레/돈까스,너겟·강정,오뚜기,화끈한닭강정화끈하게,매운맛,180G,짜장/카레/돈까스,너겟·강정,오뚜기,화끈한닭강정화끈하게,오뚜기화끈한닭강정화끈하게매운맛,오뚜기|화끈한닭강정
짜장/카레/돈까스,돈까스·커틀릿,오뚜기,경양식돈까스,,455G,짜장/카레/돈까스,돈까스·커틀릿,오뚜기,경양식돈까스,오뚜기 경양식돈까스 455G,오뚜기|경양식돈까스
짜장/카레/돈까스,짜장,삼양식품,맛이차이나짜장면,,560G,라면/면류|짜장/카레/돈까스,짜장,삼양식품,맛이차이나짜장면,삼양식품)맛이차이나짜장면,삼양|맛이차이나짜장면
짜장/카레/돈까스,짜장,오뚜기,3분짜장,,200G,짜장/카레/돈까스,짜장,오뚜기,3분짜장,오뚜기3분짜장200G,오뚜기|오뚜기3분짜장200G
짜장/카레/돈까스,카레,오뚜기,3분카레약간,매운맛,200G,짜장/카레/돈까스,카레,오뚜기,3분카레약간,오뚜기3분카레약간매운맛200G,오뚜기|오뚜기3분카레약간매운맛
짜장/카레/돈까스,카레,오뚜기,백세카레약간,매운맛,100G,짜장/카레/돈까스,카레,오뚜기,백세카레약간,오뚜기백세카레약간매운맛100G,오뚜기|백세카레약간매운맛100G
가루/조미료/오일,가루·분말,대한제분,곰표부침가루,,1KG,가루/조미료/오일,가루·분말,대한제분,곰표부침가루,곰표부침가루1KG,대한제분|곰표부침가루
가루/조미료/오일,가루·분말,오뚜기,부침가루,,1KG,가루/조미료/오일,가루·분말,오뚜기,부침가루,오뚜기부침가루1KG,오뚜기|오뚜기부침가루1KG
가루/조미료/오일,식용유·참기름,오뚜기,고소한참기름,,55ML,가루/조미료/오일,식용유·참기름,오뚜기,고소한참기름,오뚜기)고소한참기름,오뚜기|고소한참기름
가루/조미료/오일,식용유·참기름,해표,식용유,,250ML,가루/조미료/오일,식용유·참기름,해표,식용유,해표 식용유,해표|해표식용유
가루/조미료/오일,조미료,CJ제일제당,다시다쇠고기12T,,96G,가루/조미료/오일,조미료,씨제이,다시다쇠고기12t,CJ)다시다쇠고기12T96G,CJ제일제당|다시다쇠고기
가루/조미료/오일,조미료,대상,감칠맛미원,,100G,가루/조미료/오일,조미료,대상,감칠맛미원,대상감칠맛미원100G,대상|감칠맛미원
장류/소스,간장,샘표식품,진간장금F3,,500ML,장류/소스,간장,샘표식품,진간장금f3,샘표진간장금F3 500ML,샘표|진간장금F3
장류/소스,고추장·된장·쌈장,씨제이제일제당,해찬들고기전용쌈장,,450G,장류/소스,고추장·된장·쌈장,씨제이,해찬들고기전용쌈장,해찬들고기전용쌈장450G,씨제이|해찬들고기전용쌈장450G
장류/소스,고추장·된장·쌈장,씨제이제일제당,해찬들태양초고추장,,500G,장류/소스,고추장·된장·쌈장,씨제이,해찬들태양초고추장,해찬들태양초고추장500G,씨제이|해찬들태양초고추장500G
장류/소스,고추장·된장·쌈장,청정원,순창초고추장,,300G,장류/소스,고추장·된장·쌈장,청정원,순창초고추장,청정원순창초고추장300G,청정원|순창초고추장300G
장류/소스,소스·드레싱,오뚜기,고소한골드마요네즈,,800G,장류/소스,소스·드레싱,오뚜기,고소한골드마요네즈,오뚜기고소한골드마요네즈,오뚜기|골드마요네즈
장류/소스,소스·드레싱,오뚜기,토마토케찹,,800G,장류/소스,,오뚜기,토마토케찹,오뚜기)토마토케찹800G,오뚜기|토마토케찹800G
장류/소스,식초·맛술,CJ제일제당,백설건강발효현미식초,,500ML,장류/소스,식초·맛술,씨제이,백설건강발효현미식초,CJ 백설건강발효현미식초 500ML,CJ제일제당|백설건강발효현미식초
장류/소스,식초·맛술,대상,청정원맛술 (생강매실,,830ML,장류/소스,식초·맛술,대상,청정원맛술생강매실,대상 청정원맛술 830ML(생강매실),대상|청정원맛술
장류/소스,식초·맛술,오뚜기,양조식초,,500ML,장류/소스,식초·맛술,오뚜기,양조식초,오뚜기양조식초500ML,오뚜기|오뚜기양조식초
유제품/아이스크림,요거트·치즈·버터,매일유업,바이오드링킹요거트매실푸룬,,250ML,유제품/아이스크림,요거트·치즈·버터,매일유업,바이오드링킹요거트매실푸룬,매일바이오드링킹요거트매실푸룬,매일유업|바이오드링킹요거트
유제품/아이스크림,요거트·치즈·버터,빙그레,요구르트,,500ML,유제품/아이스크림,요거트·치즈·버터,빙그레,요구르트,빙그레요구르트,빙그레|요구르트
유제품/아이스크림,우유,남양유업,맛있는우유GT,,900ML,유제품/아이스크림,우유,남양유업,맛있는우유gt,남양맛있는우유GT,남양|맛있는우유GT
유제품/아이스크림,우유,매일유업,상하목장유기농우유,,200ML,유제품/아이스크림,우유,매일유업,상하목장유기농우유,매일상하목장유기농우유,매일유업|상하목장유기농우유
유제품/아이스크림,우유,서울우유,초콜릿,,200ML,과자/초콜릿/시리얼|유제품/아이스크림,초콜릿·캔디,서울우유,초콜릿,서울우유초콜릿,서울우유|서울우유
